[
{
    "model": "assessment.nation",
    "pk": 1,
    "fields": {
        "name": "Spain / Uruguay",
        "order_num": 1
    }
},
{
    "model": "assessment.nation",
    "pk": 2,
    "fields": {
        "name": "Portugal / Brazil",
        "order_num": 2
    }
},
{
    "model": "assessment.nation",
    "pk": 3,
    "fields": {
        "name": "Great Britain",
        "order_num": 3
    }
},
{
    "model": "assessment.nation",
    "pk": 4,
    "fields": {
        "name": "Netherlands",
        "order_num": 4
    }
},
{
    "model": "assessment.nation",
    "pk": 5,
    "fields": {
        "name": "U.S.A.",
        "order_num": 5
    }
},
{
    "model": "assessment.nation",
    "pk": 6,
    "fields": {
        "name": "France",
        "order_num": 6
    }
},
{
    "model": "assessment.nation",
    "pk": 7,
    "fields": {
        "name": "Denmark / Baltic",
        "order_num": 7
    }
},
{
    "model": "assessment.nation",
    "pk": 8,
    "fields": {
        "name": "Other",
        "order_num": 8
    }
},
{
    "model": "assessment.exportarea",
    "pk": 1,
    "fields": {
        "name": "Africa",
        "order_num": 1,
        "latitude": 0.054033,
        "longitude": 9.343897,
        "show_at_zoom": 999,
        "show_on_map": true
    }
},
{
    "model": "assessment.exportregion",
    "pk": 1,
    "fields": {
        "name": "Senegambia and off-shore Atlantic",
        "order_num": 1,
        "latitude": 14.14,
        "longitude": -18.43,
        "show_at_zoom": 20,
        "show_on_map": true,
        "export_area": 1
    }
},
{
    "model": "assessment.exportregion",
    "pk": 2,
    "fields": {
        "name": "Sierra Leone",
        "order_num": 2,
        "latitude": 8.1,
        "longitude": -15.0,
        "show_at_zoom": 20,
        "show_on_map": true,
        "export_area": 1
    }
},
{
    "model": "assessment.exportregion",
    "pk": 3,
    "fields": {
        "name": "Windward Coast",
        "order_num": 3,
        "latitude": 3.0,
        "longitude": -8.12,
        "show_at_zoom": 20,
        "show_on_map": true,
        "export_area": 1
    }
},
{
    "model": "assessment.exportregion",
    "pk": 4,
    "fields": {
        "name": "Gold Coast",
        "order_num": 4,
        "latitude": 3.0,
        "longitude": -1.93,
        "show_at_zoom": 20,
        "show_on_map": true,
        "export_area": 1
    }
},
{
    "model": "assessment.exportregion",
    "pk": 5,
    "fields": {
        "name": "Bight of Benin",
        "order_num": 5,
        "latitude": 4.0,
        "longitude": 2.43,
        "show_at_zoom": 20,
        "show_on_map": true,
        "export_area": 1
    }
},
{
    "model": "assessment.exportregion",
    "pk": 6,
    "fields": {
        "name": "Bight of Biafra",
        "order_num": 6,
        "latitude": 2.47,
        "longitude": 9.0,
        "show_at_zoom": 20,
        "show_on_map": true,
        "export_area": 1
    }
},
{
    "model": "assessment.exportregion",
    "pk": 7,
    "fields": {
        "name": "West Central Africa and St. Helena",
        "order_num": 7,
        "latitude": -10.71,
        "longitude": 11.19,
        "show_at_zoom": 20,
        "show_on_map": true,
        "export_area": 1
    }
},
{
    "model": "assessment.exportregion",
    "pk": 8,
    "fields": {
        "name": "South-east Africa and Indian ocean islands",
        "order_num": 8,
        "latitude": -18.14,
        "longitude": 39.51,
        "show_at_zoom": 20,
        "show_on_map": true,
        "export_area": 1
    }
},
{
    "model": "assessment.importarea",
    "pk": 1,
    "fields": {
        "name": "Europe",
        "order_num": 1,
        "latitude": 37.213255,
        "longitude": -8.561913,
        "show_at_zoom": 999,
        "show_on_map": true
    }
},
{
    "model": "assessment.importarea",
    "pk": 2,
    "fields": {
        "name": "Mainland North America",
        "order_num": 2,
        "latitude": 32.0,
        "longitude": -86.0,
        "show_at_zoom": 999,
        "show_on_map": true
    }
},
{
    "model": "assessment.importarea",
    "pk": 3,
    "fields": {
        "name": "British Caribbean",
        "order_num": 3,
        "latitude": 14.8,
        "longitude": -61.0,
        "show_at_zoom": 999,
        "show_on_map": true
    }
},
{
    "model": "assessment.importarea",
    "pk": 4,
    "fields": {
        "name": "French Caribbean",
        "order_num": 4,
        "latitude": 14.8,
        "longitude": -55.0,
        "show_at_zoom": 999,
        "show_on_map": true
    }
},
{
    "model": "assessment.importarea",
    "pk": 5,
    "fields": {
        "name": "Dutch Americas",
        "order_num": 5,
        "latitude": 14.8,
        "longitude": -58.0,
        "show_at_zoom": 999,
        "show_on_map": true
    }
},
{
    "model": "assessment.importarea",
    "pk": 6,
    "fields": {
        "name": "Danish West Indies",
        "order_num": 6,
        "latitude": 14.8,
        "longitude": -52.0,
        "show_at_zoom": 999,
        "show_on_map": true
    }
},
{
    "model": "assessment.importarea",
    "pk": 7,
    "fields": {
        "name": "Spanish Americas",
        "order_num": 7,
        "latitude": 11.0,
        "longitude": -89.0,
        "show_at_zoom": 999,
        "show_on_map": true
    }
},
{
    "model": "assessment.importarea",
    "pk": 8,
    "fields": {
        "name": "Brazil",
        "order_num": 8,
        "latitude": -18.864582,
        "longitude": -39.75489,
        "show_at_zoom": 999,
        "show_on_map": true
    }
},
{
    "model": "assessment.importarea",
    "pk": 9,
    "fields": {
        "name": "Africa",
        "order_num": 9,
        "latitude": 0.054033,
        "longitude": 9.343897,
        "show_at_zoom": 999,
        "show_on_map": true
    }
},
{
    "model": "assessment.importregion",
    "pk": 1,
    "fields": {
        "name": "Europe",
        "order_num": 1,
        "latitude": 37.213255,
        "longitude": -8.561913,
        "show_at_zoom": 999,
        "show_on_map": true,
        "import_area": 1
    }
},
{
    "model": "assessment.importregion",
    "pk": 2,
    "fields": {
        "name": "Northern U.S.",
        "order_num": 2,
        "latitude": 34.526364,
        "longitude": -76.605009,
        "show_at_zoom": 999,
        "show_on_map": true,
        "import_area": 2
    }
},
{
    "model": "assessment.importregion",
    "pk": 3,
    "fields": {
        "name": "Chesapeake",
        "order_num": 3,
        "latitude": 37.8069634228,
        "longitude": -76.3380517942,
        "show_at_zoom": 999,
        "show_on_map": true,
        "import_area": 2
    }
},
{
    "model": "assessment.importregion",
    "pk": 4,
    "fields": {
        "name": "Carolinas / Georgia",
        "order_num": 4,
        "latitude": 32.789295,
        "longitude": -79.986255,
        "show_at_zoom": 999,
        "show_on_map": true,
        "import_area": 2
    }
},
{
    "model": "assessment.importregion",
    "pk": 5,
    "fields": {
        "name": "Gulf states",
        "order_num": 5,
        "latitude": 29.95,
        "longitude": -90.075,
        "show_at_zoom": 999,
        "show_on_map": true,
        "import_area": 2
    }
},
{
    "model": "assessment.importregion",
    "pk": 6,
    "fields": {
        "name": "U.S.A. unspecified",
        "order_num": 6,
        "latitude": 32.78096,
        "longitude": -79.93554,
        "show_at_zoom": 999,
        "show_on_map": false,
        "import_area": 2
    }
},
{
    "model": "assessment.importregion",
    "pk": 7,
    "fields": {
        "name": "Jamaica",
        "order_num": 7,
        "latitude": 17.881263,
        "longitude": -76.522778,
        "show_at_zoom": 999,
        "show_on_map": true,
        "import_area": 3
    }
},
{
    "model": "assessment.importregion",
    "pk": 8,
    "fields": {
        "name": "Barbados",
        "order_num": 8,
        "latitude": 13.1,
        "longitude": -59.616667,
        "show_at_zoom": 999,
        "show_on_map": true,
        "import_area": 3
    }
},
{
    "model": "assessment.importregion",
    "pk": 9,
    "fields": {
        "name": "Antigua",
        "order_num": 9,
        "latitude": 17.067453,
        "longitude": -61.784741,
        "show_at_zoom": 999,
        "show_on_map": true,
        "import_area": 3
    }
},
{
    "model": "assessment.importregion",
    "pk": 10,
    "fields": {
        "name": "St. Kitts",
        "order_num": 10,
        "latitude": 17.3,
        "longitude": -62.716667,
        "show_at_zoom": 999,
        "show_on_map": true,
        "import_area": 3
    }
},
{
    "model": "assessment.importregion",
    "pk": 11,
    "fields": {
        "name": "Grenada",
        "order_num": 11,
        "latitude": 12.05,
        "longitude": -61.75,
        "show_at_zoom": 999,
        "show_on_map": true,
        "import_area": 3
    }
},
{
    "model": "assessment.importregion",
    "pk": 12,
    "fields": {
        "name": "Dominica",
        "order_num": 12,
        "latitude": 15.3,
        "longitude": -61.4,
        "show_at_zoom": 999,
        "show_on_map": true,
        "import_area": 3
    }
},
{
    "model": "assessment.importregion",
    "pk": 13,
    "fields": {
        "name": "British Guiana",
        "order_num": 13,
        "latitude": 6.72,
        "longitude": -58.37,
        "show_at_zoom": 999,
        "show_on_map": true,
        "import_area": 3
    }
},
{
    "model": "assessment.importregion",
    "pk": 14,
    "fields": {
        "name": "St. Vincent",
        "order_num": 14,
        "latitude": 13.201309,
        "longitude": -61.186603,
        "show_at_zoom": 999,
        "show_on_map": true,
        "import_area": 3
    }
},
{
    "model": "assessment.importregion",
    "pk": 15,
    "fields": {
        "name": "Montserrat / Nevis",
        "order_num": 15,
        "latitude": 16.758562,
        "longitude": -62.187819,
        "show_at_zoom": 999,
        "show_on_map": true,
        "import_area": 3
    }
},
{
    "model": "assessment.importregion",
    "pk": 16,
    "fields": {
        "name": "Trinidad / Tobago",
        "order_num": 16,
        "latitude": 10.65,
        "longitude": -61.51667,
        "show_at_zoom": 999,
        "show_on_map": true,
        "import_area": 3
    }
},
{
    "model": "assessment.importregion",
    "pk": 17,
    "fields": {
        "name": "Other British Caribbean",
        "order_num": 17,
        "latitude": 15.561201,
        "longitude": -61.409056,
        "show_at_zoom": 999,
        "show_on_map": false,
        "import_area": 3
    }
},
{
    "model": "assessment.importregion",
    "pk": 18,
    "fields": {
        "name": "Saint-Domingue",
        "order_num": 18,
        "latitude": 19.757778,
        "longitude": -72.204167,
        "show_at_zoom": 999,
        "show_on_map": true,
        "import_area": 4
    }
},
{
    "model": "assessment.importregion",
    "pk": 19,
    "fields": {
        "name": "Martinique",
        "order_num": 19,
        "latitude": 14.6,
        "longitude": -61.083333,
        "show_at_zoom": 999,
        "show_on_map": true,
        "import_area": 4
    }
},
{
    "model": "assessment.importregion",
    "pk": 20,
    "fields": {
        "name": "Guadeloupe",
        "order_num": 20,
        "latitude": 16.0,
        "longitude": -61.71667,
        "show_at_zoom": 999,
        "show_on_map": true,
        "import_area": 4
    }
},
{
    "model": "assessment.importregion",
    "pk": 21,
    "fields": {
        "name": "French Guiana",
        "order_num": 21,
        "latitude": 4.933333,
        "longitude": -52.333333,
        "show_at_zoom": 999,
        "show_on_map": true,
        "import_area": 4
    }
},
{
    "model": "assessment.importregion",
    "pk": 22,
    "fields": {
        "name": "French Caribbean unspecified",
        "order_num": 22,
        "latitude": 14.523769,
        "longitude": -60.909743,
        "show_at_zoom": 999,
        "show_on_map": false,
        "import_area": 4
    }
},
{
    "model": "assessment.importregion",
    "pk": 23,
    "fields": {
        "name": "Dutch Caribbean",
        "order_num": 23,
        "latitude": 12.1,
        "longitude": -68.916667,
        "show_at_zoom": 999,
        "show_on_map": true,
        "import_area": 5
    }
},
{
    "model": "assessment.importregion",
    "pk": 24,
    "fields": {
        "name": "Dutch Guianas",
        "order_num": 24,
        "latitude": 5.958594,
        "longitude": -55.67599,
        "show_at_zoom": 999,
        "show_on_map": true,
        "import_area": 5
    }
},
{
    "model": "assessment.importregion",
    "pk": 25,
    "fields": {
        "name": "Danish West Indies",
        "order_num": 25,
        "latitude": 18.2,
        "longitude": -64.55,
        "show_at_zoom": 999,
        "show_on_map": true,
        "import_area": 6
    }
},
{
    "model": "assessment.importregion",
    "pk": 26,
    "fields": {
        "name": "Cuba",
        "order_num": 26,
        "latitude": 23.131944,
        "longitude": -82.364167,
        "show_at_zoom": 999,
        "show_on_map": true,
        "import_area": 7
    }
},
{
    "model": "assessment.importregion",
    "pk": 27,
    "fields": {
        "name": "Puerto Rico",
        "order_num": 27,
        "latitude": 18.27,
        "longitude": -66.04,
        "show_at_zoom": 999,
        "show_on_map": true,
        "import_area": 7
    }
},
{
    "model": "assessment.importregion",
    "pk": 28,
    "fields": {
        "name": "Spanish Circum-Caribbean",
        "order_num": 28,
        "latitude": 10.39972,
        "longitude": -75.5144,
        "show_at_zoom": 999,
        "show_on_map": true,
        "import_area": 7
    }
},
{
    "model": "assessment.importregion",
    "pk": 29,
    "fields": {
        "name": "Rio de la Plata",
        "order_num": 29,
        "latitude": -34.5875,
        "longitude": -58.6725,
        "show_at_zoom": 999,
        "show_on_map": true,
        "import_area": 7
    }
},
{
    "model": "assessment.importregion",
    "pk": 30,
    "fields": {
        "name": "Other Spanish Americas",
        "order_num": 30,
        "latitude": 18.4667,
        "longitude": -69.9,
        "show_at_zoom": 999,
        "show_on_map": true,
        "import_area": 7
    }
},
{
    "model": "assessment.importregion",
    "pk": 31,
    "fields": {
        "name": "Amazonia",
        "order_num": 31,
        "latitude": -2.51667,
        "longitude": -44.266667,
        "show_at_zoom": 999,
        "show_on_map": true,
        "import_area": 8
    }
},
{
    "model": "assessment.importregion",
    "pk": 32,
    "fields": {
        "name": "Bahia",
        "order_num": 32,
        "latitude": -12.97111,
        "longitude": -38.51083,
        "show_at_zoom": 999,
        "show_on_map": true,
        "import_area": 8
    }
},
{
    "model": "assessment.importregion",
    "pk": 33,
    "fields": {
        "name": "Pernambuco",
        "order_num": 33,
        "latitude": -8.05,
        "longitude": -34.9,
        "show_at_zoom": 999,
        "show_on_map": true,
        "import_area": 8
    }
},
{
    "model": "assessment.importregion",
    "pk": 34,
    "fields": {
        "name": "South-east Brazil",
        "order_num": 34,
        "latitude": -22.9,
        "longitude": -43.233333,
        "show_at_zoom": 999,
        "show_on_map": true,
        "import_area": 8
    }
},
{
    "model": "assessment.importregion",
    "pk": 35,
    "fields": {
        "name": "Brazil unspecified",
        "order_num": 35,
        "latitude": -18.864582,
        "longitude": -39.75489,
        "show_at_zoom": 999,
        "show_on_map": false,
        "import_area": 8
    }
},
{
    "model": "assessment.importregion",
    "pk": 36,
    "fields": {
        "name": "Africa",
        "order_num": 36,
        "latitude": 0.054033,
        "longitude": 9.343897,
        "show_at_zoom": 999,
        "show_on_map": true,
        "import_area": 9
    }
}
]
